SERVER,USERNAME/UUID,EXPIRED,PASSWORD,TEMPLATE
free1.sshtproject.com,ssht,unknown,ssht,
free2.sshtproject.com,ssht,unknown,ssht,
free3.sshtproject.com,ssht,unknown,ssht,
free4.sshtproject.com,ssht,unknown,ssht,
free5.sshtproject.com,ssht,unknown,ssht,
free6.sshtproject.com,ssht,unknown,ssht,
free7.sshtproject.com,ssht,unknown,ssht,
free8.sshtproject.com,ssht,unknown,ssht,
free9.sshtproject.com,ssht,unknown,ssht,
free10.sshtproject.com,ssht,unknown,ssht,
freesshvpn.site,PLUSPRO,unknown,PLUSPRO,
Graha Fatta Jakarta vless.kuyshare.eu.org,47fb0431-0383-4e50-9865-aae363465f0a,No Expired,-,vless://47fb0431-0383-4e50-9865-aae363465f0a@vless.kuyshare.eu.org:443?encryption=none&security=tls&sni=vless.kuyshare.eu.org&fp=randomized&type=ws&host=vless.kuyshare.eu.org&path=%2F%3Fed%3D2048#vless.kuyshare.eu.org
BIZNET Jakarta vless2.kuyshare.eu.org,47fb0431-0383-4e50-9865-aae363465f0a,No Expired,-,vless://47fb0431-0383-4e50-9865-aae363465f0a@vless2.kuyshare.eu.org:443?encryption=none&security=tls&sni=vless2.kuyshare.eu.org&fp=randomized&type=ws&host=vless2.kuyshare.eu.org&path=%2F%3Fed%3D2048#vless2.kuyshare.eu.org
GCP Netherlands vless3.kuyshare.eu.org,47fb0431-0383-4e50-9865-aae363465f0a,No Expired,-,vless://47fb0431-0383-4e50-9865-aae363465f0a@vless3.kuyshare.eu.org:443?path=%2F%3Fed%3D2048&security=tls&encryption=none&host=vless3.kuyshare.eu.org&fp=randomized&type=ws&sni=vless3.kuyshare.eu.org#vless3.kuyshare.eu.org
Incapsula INC Jakarta vless4.kuyshare.eu.org,47fb0431-0383-4e50-9865-aae363465f0a,No Expired,-,vless://47fb0431-0383-4e50-9865-aae363465f0a@vless4.kuyshare.eu.org:443?encryption=none&security=tls&sni=vless4.kuyshare.eu.org&fp=randomized&type=ws&host=vless4.kuyshare.eu.org&path=%2F%3Fed%3D2048#vless4.kuyshare.eu.org
